ID, Nombre, Precio, CantidadVendida
1, Producto_1, 77.53854406562968, 0
2, Producto_2, 76.94448244567191, 90
3, Producto_3, 99.48900526880502, 0
4, Producto_4, 85.76409250975807, 2
5, Producto_5, 44.777241002269086, 0
6, Producto_6, 20.350042472898544, 60
7, Producto_7, 18.873318326199662, 0
8, Producto_8, 66.83461017065976, 55
9, Producto_9, 19.70536033492747, 98
10, Producto_10, 55.05213090848212, 99
